# Firstseen,Domain,category,score
2020-10-31,youdoyoudoyoudoyoudo.xyz,social engineering,1.0
2020-10-31,yougaiyougaiyougaiyougai.xyz,social engineering,0.9994
2020-10-31,yougayougayougayouga.xyz,social engineering,0.9999
2020-10-31,yougyoyougyoyougyoyougyo.xyz,social engineering,0.9992
2020-10-31,youmouyoumouyoumouyoumou.xyz,social engineering,1.0
2020-10-31,youreiyoureiyoureiyourei.xyz,social engineering,1.0
2020-10-31,yourouyourouyourouyourou.xyz,social engineering,1.0
2020-10-31,youroyouroyouroyouro.xyz,social engineering,1.0
2020-10-31,yoursavingscareabout.xyz,social engineering,1.0
2020-10-31,yourself4gifts.xyz,social engineering,0.8026
2020-10-31,yousyoyousyoyousyoyousyo.xyz,social engineering,1.0
2020-10-31,youtenyoutenyoutenyouten.xyz,social engineering,1.0
2020-10-31,yowamaruyowamaruyowamaruyowamaru.xyz,social engineering,1.0
2020-10-31,yowameruyowameruyowameruyowameru.xyz,social engineering,1.0
2020-10-31,yowamushiyowamushiyowamushiyowamushi.xyz,social engineering,1.0
2020-10-31,yowaruyowaruyowaruyowaru.xyz,social engineering,0.98
2020-10-31,yuudatiyuudatiyuudatiyuudati.xyz,social engineering,1.0
2020-10-31,yuugaiyuugaiyuugaiyuugai.xyz,social engineering,0.9897
2020-10-31,yuugaoyuugaoyuugaoyuugao.xyz,social engineering,0.9972
2020-10-31,yuugatayuugatayuugatayuugata.xyz,social engineering,1.0
2020-10-31,yuwaeruyuwaeruyuwaeruyuwaeru.xyz,social engineering,0.9382
2020-11-01,consultingservicesrdabogado.xyz,social engineering,0.9206
2020-11-01,onlinepayee-securedaccount.link,social engineering,0.9984
2020-11-01,resourceseducateconnection.link,social engineering,0.9995
2020-11-01,thefountainofyouth.xyz,social engineering,0.9998
2020-11-02,abuycheapenglishessayonlinesv.xyz,social engineering,0.9368
2020-11-02,feedyourbrain.xyz,social engineering,0.9999
2020-11-02,getmycreditupgrade.xyz,social engineering,1.0
2020-11-02,goworkforcemanagementsoftware.xyz,social engineering,1.0
2020-11-02,silhouettesofthedesert.site,social engineering,0.9984
2020-11-02,thebestrewardsforyou.fun,social engineering,1.0
2020-11-02,thescalemodelcontest.site,social engineering,0.9993
2020-11-02,theultimatesource.online,social engineering,1.0
2020-11-02,woconglaimeiyoutanguolianai.xyz,social engineering,0.9999
2020-11-02,yourdailyoutfit.xyz,social engineering,0.9999
2020-11-03,donationslenawfoundation.online,social engineering,0.9913
2020-11-03,electricalupdates.online,social engineering,1.0
2020-11-03,gadgetupdates.online,social engineering,0.9983
2020-11-03,goodupdate.xyz,social engineering,1.0
2020-11-03,letsagegracefullylivelifetothefullest.online,social engineering,0.9988
2020-11-03,mbway-update.online,social engineering,1.0
2020-11-03,newbridgeintegrated.online,social engineering,0.9962
2020-11-03,onlinetrainingandcourses.online,social engineering,0.9236
2020-11-03,partyserviceoudewater.online,social engineering,1.0
2020-11-03,pleaseseeyouamazonjp.xyz,social engineering,1.0
2020-11-03,pleaseseeyouamazonjpmail.xyz,social engineering,1.0
2020-11-03,smallcircleofamourousfriends.site,social engineering,0.9966
2020-11-03,thesafetyband.online,social engineering,0.9895
2020-11-04,boardagendatemplatenonprofit.xyz,social engineering,1.0
2020-11-04,greatsalesforcarsnow.xyz,social engineering,0.9999
2020-11-04,prepare2upvideosafesystem4setnow.site,social engineering,1.0
2020-11-04,probaltamappuntamento.fun,social engineering,0.9951
2020-11-04,stageconduitevoituredesport.xyz,social engineering,1.0
2020-11-04,thefishandmeatloverwine.xyz,social engineering,1.0
2020-11-05,expertise66985.xyz,social engineering,0.9993
2020-11-05,forsalecollonnadesnow.online,social engineering,1.0
2020-11-05,howofficesetup.online,social engineering,0.9975
2020-11-05,thecreamystoreofdiamonddreams.fun,social engineering,0.9996
2020-11-05,theupdateamzoncardmail.xyz,social engineering,1.0
2020-11-05,yourbestfertility.online,social engineering,1.0
2020-11-05,yourbusinessgrowthconsultant.online,social engineering,0.9998
2020-11-05,yourgatewaytoeverythingspiritual.online,social engineering,0.9999
2020-11-06,asociaciondedocentesyegresadosecp-usac.online,social engineering,0.9989
2020-11-06,globalupdatez.xyz,social engineering,0.9999
2020-11-06,hvacaircirculatingfansfox.xyz,social engineering,1.0
2020-11-06,installatietotaalservice.online,social engineering,0.9607
2020-11-06,installmysetup.online,social engineering,1.0
2020-11-07,agoagriculturalmachineryparts.xyz,social engineering,1.0
2020-11-07,epeacekeeperswithoutborders.online,social engineering,1.0
2020-11-07,everydayrateupdate.xyz,social engineering,1.0
2020-11-07,findyourfunds.online,social engineering,0.989
2020-11-07,frs-pplrescuesecureplateforme.xyz,social engineering,1.0
2020-11-07,nationalnewsupdate.site,social engineering,1.0
2020-11-07,realestatecollonnadessalesnow.online,social engineering,0.9922
2020-11-07,reminderaccountupdateserviceremindersupport.online,social engineering,1.0
2020-11-07,tratamientosnaturaldepeso.xyz,social engineering,0.8733
2020-11-07,twentytrustedcontacts.online,social engineering,0.9969
2020-11-08,50voyagerstravelandadventureclub.online,social engineering,1.0
2020-11-08,attestendorsedinfant.fun,social engineering,0.9986
2020-11-08,badaowangyeqiaowangfei.xyz,social engineering,0.9437
2020-11-08,epeacekeeperswithoutborders.tech,social engineering,1.0
2020-11-08,everydayrateupdate.site,social engineering,1.0
2020-11-08,findyourguide.online,social engineering,0.821
2020-11-08,grooveglowingwillpower.site,social engineering,0.973
2020-11-08,hasaptbeenrootedyet.xyz,social engineering,0.9897
2020-11-08,krystofferconradsantos.xyz,social engineering,0.9997
2020-11-08,reminderaccountupdateserviceremindersupport.site,social engineering,1.0
2020-11-08,starlovelylieutenant.site,social engineering,0.9913
2020-11-08,thetechyupdates.tech,social engineering,1.0
2020-11-09,amazon-account-update.site,social engineering,1.0
2020-11-09,emeniyecenesescendenes.site,social engineering,0.9988
2020-11-09,hvacaircirculatingfansuta.xyz,social engineering,0.9902
2020-11-09,instagram-instagram-instagram-instagram.site,social engineering,1.0
2020-11-10,atvfuelsystempartsbow.xyz,social engineering,1.0
2020-11-10,bearcreekoutdoorcentreltd.xyz,social engineering,1.0
2020-11-10,definitelynotadeveloper.tech,social engineering,0.9832
2020-11-10,drakoupgrade.xyz,social engineering,0.9975
2020-11-10,erp-allinventorymanagement.online,social engineering,0.9917
2020-11-10,findyourfridge.online,social engineering,0.9958
2020-11-10,findyourway96.online,social engineering,0.9175
2020-11-10,freightforwardingsolutions.online,social engineering,0.9979
2020-11-10,oudersenonderwijstwente.online,social engineering,0.977
2020-11-10,pageperfectstudio.tech,social engineering,0.9997
2020-11-10,pavethewayentertainment.online,social engineering,0.9897
2020-11-10,pelatihanoperatorpesawatangkatangkut.online,social engineering,1.0
2020-11-10,theramazoncardupdate.xyz,social engineering,1.0
2020-11-10,verenigingoudfranciscanen.online,social engineering,0.9971
2020-11-10,whatyouneedtoday.link,social engineering,0.997
2020-11-11,1healthintegratedservices.online,social engineering,1.0
2020-11-11,cardupdatemaiamazon.xyz,social engineering,0.9963
2020-11-11,departamentoenventasantafe.online,social engineering,0.9999
2020-11-11,exhibicionderuedasdecasino.online,social engineering,0.9963
2020-11-11,experienciastandfest.site,social engineering,0.9987
2020-11-11,findyourway96.site,social engineering,0.9175
2020-11-11,fourseasonstotallandscaping.xyz,social engineering,0.9438
2020-11-11,ipblacklistupdates.online,social engineering,0.9942
2020-11-11,securelinkserver-checkpoint.xyz,social engineering,0.9996
2020-11-11,technologylatestupdates.tech,social engineering,1.0
2020-11-11,testtest111auhduwagdauyd2.xyz,social engineering,0.9999
2020-11-11,thegroundedsoulcollective.online,social engineering,0.9945
2020-11-12,eleveurseducateursdebisons.fun,social engineering,0.9999
2020-11-12,ourbagsforyou.fun,social engineering,0.988
2020-11-12,securelinkserver-checkpoint.site,social engineering,0.9996
2020-11-12,testingforthesakeoftesting.xyz,social engineering,1.0
2020-11-12,yourdomainaccepted.site,social engineering,0.9833
2020-11-12,yourdomainaccording.site,social engineering,0.9945
2020-11-12,yourdomainaccurate.site,social engineering,1.0
2020-11-12,yourdomainadministrative.site,social engineering,1.0
2020-11-12,yourdomainaffected.site,social engineering,0.9995
2020-11-12,yourdomainaffordable.site,social engineering,0.9998
2020-11-12,yourdomainafrican.site,social engineering,0.8632
2020-11-12,yourdomainagricultural.site,social engineering,0.943
2020-11-12,yourdomainannounced.site,social engineering,0.9932
2020-11-12,yourdomainappointed.site,social engineering,0.988
2020-11-12,yourdomainassistant.site,social engineering,0.997
2020-11-12,yourdomainattached.site,social engineering,0.8815
2020-11-12,yourdomainavailable.site,social engineering,0.9923
2020-11-12,yourdomainaverage.site,social engineering,0.9999
2020-11-12,yourdomainawesome.site,social engineering,0.8317
2020-11-12,yourdomainbeautiful.site,social engineering,1.0
2020-11-12,yourupdates.online,social engineering,0.9989
2020-11-13,allinformationupdates.online,social engineering,0.9932
2020-11-13,essaytogether-guadeloupe.online,social engineering,0.973
2020-11-13,expertsupportservice.tech,social engineering,0.9132
2020-11-13,hereforyounow.link,social engineering,0.9999
2020-11-13,infoupdate3843bendingo374update.xyz,social engineering,1.0
2020-11-13,lake-tahoe-software-development.site,social engineering,0.8828
2020-11-13,letsgofreedomawaitsyou.xyz,social engineering,0.998
2020-11-13,maestrosdepurezavidentesdeamor.online,social engineering,0.8782
2020-11-13,readysetpropcatalogue.online,social engineering,0.9314
2020-11-13,sustainableworldfoundation.online,social engineering,0.998
2020-11-13,theultimatecharm.online,social engineering,1.0
2020-11-13,theultimatecharm.site,social engineering,1.0
2020-11-13,tic-version-update.xyz,social engineering,0.944
2020-11-13,update3843bendingo374update.xyz,social engineering,0.942
2020-11-14,agency-marketingandsoftware.online,social engineering,1.0
2020-11-14,allmaintenanceservices.online,social engineering,0.8767
2020-11-14,browserupdate.online,social engineering,0.9999
2020-11-14,checkpointpagesidentification.site,social engineering,0.9332
2020-11-14,checkpointpagesidentificationverify.site,social engineering,0.9994
2020-11-14,checkpointpagesverifysupport.site,social engineering,0.9999
2020-11-14,climateneutralfoundation.online,social engineering,0.9985
2020-11-14,findyoureden.online,social engineering,0.9991
2020-11-14,highaccessmaintenanceltd.online,social engineering,0.9861
2020-11-14,liberatingyourdata.tech,social engineering,1.0
2020-11-14,pitayasduvidasesugestoes.online,social engineering,0.8445
2020-11-14,regionalnewsouthwales.online,social engineering,0.9823
2020-11-14,ru-account-update.site,social engineering,0.9827
2020-11-14,safeyourfreedomlegaladvise.online,social engineering,1.0
2020-11-14,showingyourtalenthuntvideos.fun,social engineering,0.9845
2020-11-14,showingyourtalenthuntvideos.online,social engineering,0.9845
2020-11-14,showingyourtalenthuntvideos.xyz,social engineering,0.9845
2020-11-14,stlawrencecharitablefoundation.online,social engineering,0.9998
2020-11-14,streamingdevicesetup.online,social engineering,1.0
2020-11-14,thebesttraveldestinations.online,social engineering,1.0
2020-11-15,chesapeakewatershedsemester.site,social engineering,0.9382
2020-11-15,expertwebdeveloperaman.xyz,social engineering,0.9788
2020-11-15,gustavoforstatesenate.site,social engineering,0.9984
2020-11-15,instacapmicropefoundation.online,social engineering,1.0
2020-11-15,neverbeendonebeforecreative.xyz,social engineering,0.9609
2020-11-15,pawsitivelypurfectpetcare.online,social engineering,1.0
2020-11-15,perfectforyou.link,social engineering,1.0
2020-11-15,pressurecleaningservices.online,social engineering,1.0
2020-11-15,rakutarcheckoutupdate.tech,social engineering,0.9991
2020-11-15,servicebillingpaymentsecuredteamupdate.online,social engineering,1.0
2020-11-15,showingyourtalenthuntvideos.site,social engineering,0.9845
2020-11-15,sportsliveupdate.xyz,social engineering,1.0
2020-11-15,systemselectricalservices.site,social engineering,0.988
2020-11-15,updatesuspendedmaintancesupport.online,social engineering,0.9999
2020-11-15,whereyourlifeisourbusiness.online,social engineering,0.9839
2020-11-16,automatedclimatecontrols.site,social engineering,1.0
2020-11-16,strategicretailadvisor.site,social engineering,1.0
2020-11-16,updatesuspendedmaintancesupport.tech,social engineering,0.9999
2020-11-16,yuregirevdenevetasimacilik.xyz,social engineering,1.0
2020-11-17,decoreaffluentgrade.fun,social engineering,0.9999
2020-11-17,garlandfornewyear.xyz,social engineering,1.0
2020-11-17,garmin-gpsupdates.online,social engineering,0.923
2020-11-17,installcelebratedgallantry.fun,social engineering,1.0
2020-11-17,navman-gpsupdates.online,social engineering,0.8467
2020-11-17,prumyslovyvysavacwetdry.fun,social engineering,0.9311
2020-11-17,selenesscriptsupervisorscourseforcommercials.online,social engineering,1.0
2020-11-18,bedandbreakfastvlaamseardennen.site,social engineering,0.9929
2020-11-18,bfsystemupdate.online,social engineering,1.0
2020-11-18,bfsystemupdate.xyz,social engineering,1.0
2020-11-18,correctacclaimedchieftain.online,social engineering,1.0
2020-11-18,derotterdamsetandartsenpraktijk.online,social engineering,0.9978
2020-11-18,findyourpurpose.online,social engineering,0.9996
2020-11-18,getaccuratenews.online,social engineering,1.0
2020-11-18,hindinewsupdate.xyz,social engineering,1.0
2020-11-18,installnewsetup.online,social engineering,1.0
2020-11-18,jbsupportservicesforyou.online,social engineering,0.9658
2020-11-18,mortgageinterestratestoday.online,social engineering,0.9998
2020-11-18,newsnapchatupdate.xyz,social engineering,1.0
2020-11-18,organizeupstandingresource.site,social engineering,0.9992
2020-11-18,padtinternationaldevelopment.online,social engineering,0.8472
2020-11-18,preferredrealestateofillinois.online,social engineering,1.0
2020-11-18,preservingeverydrop.site,social engineering,0.8358
2020-11-18,probestonlinedeals.online,social engineering,0.9841
2020-11-18,relevantcontentservice.online,social engineering,1.0
2020-11-18,relevantcontentservices.online,social engineering,1.0
2020-11-18,relieveupbeatstrategist.online,social engineering,1.0
2020-11-18,sdfasdfasdfasdfdsafasdfasdfasdfsdfasdfasdfzxcvxcvxzfasdfgfdgas1.xyz,social engineering,1.0
2020-11-18,semanaofertamaluavontidasempreonline.xyz,social engineering,1.0
2020-11-18,service-testtesttest.online,social engineering,1.0
2020-11-18,stresseatingswitch.online,social engineering,0.9842
2020-11-18,todaysrefinancerates.online,social engineering,0.9471
2020-11-18,vietteltelecombinhduong.online,social engineering,0.9738
2020-11-19,amazingpentstonicgrace.xyz,social engineering,1.0
2020-11-19,ascertaininventivedevout.site,social engineering,0.8934
2020-11-19,asdsadsa4dasdas4dasdsadasdsdaasd.xyz,social engineering,1.0
2020-11-19,chaseflowersandgifts.site,social engineering,1.0
2020-11-19,depurateconstantpeace.site,social engineering,0.9988
2020-11-19,detweewielerconcurrent.online,social engineering,0.8301
2020-11-19,effectsfreedownload.xyz,social engineering,1.0
2020-11-19,electrifywondrousaccolade.site,social engineering,0.9991
2020-11-19,fortmyersandtheislandsyourkwoffice.site,social engineering,0.997
2020-11-19,horecaapparatuurnederland.online,social engineering,0.9575
2020-11-19,independentsecurityservices.online,social engineering,0.9998
2020-11-19,kinglifeisatestresourcesprophetheritagelink.xyz,social engineering,0.9998
2020-11-19,lifestylegroupaustralia.online,social engineering,0.9988
2020-11-19,orderonlineverificationsupport.link,social engineering,0.9947
2020-11-19,padtinternationaldevelopment.site,social engineering,0.8472
2020-11-19,relevantcontentservice.site,social engineering,1.0
2020-11-19,relevantcontentservices.site,social engineering,1.0
2020-11-19,researchtogether-guadeloupe.online,social engineering,0.9146
2020-11-19,seeyounewamazoncardmail.xyz,social engineering,0.8084
2020-11-19,speedyhomeupdates.xyz,social engineering,1.0
2020-11-19,sufficepoisedupbeat.site,social engineering,0.9999
2020-11-19,swiftyhomeupdates.xyz,social engineering,0.9945
2020-11-19,the-doctor-and-the-fitness-professor.online,social engineering,0.8209
2020-11-19,thedoctorandthefitnessprofessor.online,social engineering,1.0
2020-11-19,vietteltelecombinhduong.site,social engineering,0.9738
2020-11-20,betaalbestelvervanging.xyz,social engineering,1.0
2020-11-20,betaalproducttoegang.xyz,social engineering,0.9014
2020-11-20,charlottegatewaydistrict.site,social engineering,0.9998
2020-11-20,gottaliveliferightnow.xyz,social engineering,1.0
2020-11-20,organisationaldevelopment.xyz,social engineering,0.9997
2020-11-20,speedyhomeupdates.site,social engineering,1.0
2020-11-20,swiftyhomeupdates.site,social engineering,0.9945
2020-11-21,barelmavelkypupekamalehopindika.fun,social engineering,0.9986
2020-11-21,besttoiletpaperintheworld.xyz,social engineering,0.9999
2020-11-21,clasesparticularesmatematicas.online,social engineering,0.9999
2020-11-21,depreicatefortunatewise.site,social engineering,0.9953
2020-11-21,exactcelebratedgarb.fun,social engineering,0.8348
2020-11-21,expertpestservice.site,social engineering,1.0
2020-11-21,instantupdate.online,social engineering,0.9989
2020-11-21,integratedbenefitservices.online,social engineering,0.9927
2020-11-21,mfserviceupdate.online,social engineering,1.0
2020-11-21,navigatereadysupervisor.fun,social engineering,0.9895
2020-11-21,safetysupervisorhuren.online,social engineering,1.0
2020-11-21,thebeverlyhillsgeneralstore.online,social engineering,0.9987
2020-11-21,theperfectblendcoffeeco.online,social engineering,1.0
2020-11-21,theultimatedevelopersser.xyz,social engineering,1.0
2020-11-21,theultimatehub.online,social engineering,1.0
2020-11-21,trustrealestateservicesllc.online,social engineering,0.9257
2020-11-21,vegetatecelebratedfamiliar.site,social engineering,0.9983
2020-11-21,yourattackwassohardthatnasagotnulled.online,social engineering,1.0
2020-11-21,yourclientsname.online,social engineering,0.9653
2020-11-22,amazon2update.xyz,social engineering,1.0
2020-11-22,gleucloupruyeicrau.xyz,social engineering,0.989
2020-11-22,globalupdates.tech,social engineering,1.0
2020-11-22,losangelesheatingandairconditioning.xyz,social engineering,0.9976
2020-11-22,naturallyreverse-diabetes.site,social engineering,0.8185
2020-11-23,allocatestupendousbegetter.online,social engineering,1.0
2020-11-23,associatebrilliantprolepsis.online,social engineering,0.9989
2020-11-23,attestaffluentfancier.fun,social engineering,0.9334
2020-11-23,bestbestcleaningsystem.online,social engineering,1.0
2020-11-23,defergreatreverence.fun,social engineering,0.9872
2020-11-23,deriveaffluentstrategy.fun,social engineering,0.9949
2020-11-23,determineprotectedtoday.online,social engineering,0.9989
2020-11-23,elaboratenaturalfashioner.online,social engineering,0.9168
2020-11-23,esteemacclaimedgrandee.fun,social engineering,1.0
2020-11-23,evolvewowyoungster.fun,social engineering,0.9585
2020-11-23,findyourbuddy.online,social engineering,1.0
2020-11-23,gebaeudereiniger-datenschutz.online,social engineering,1.0
2020-11-23,gebaeudereinigung-datenschutz.online,social engineering,0.9856
2020-11-23,gerasimperiumgateway.online,social engineering,0.9716
2020-11-23,gerasimperiumgateway.site,social engineering,0.9716
2020-11-23,granitetransformationsoflasvegas.site,social engineering,0.8854
2020-11-23,guffawcourageousnewborn.fun,social engineering,0.9781
2020-11-23,healthnewsupdates.online,social engineering,1.0
2020-11-23,lightenappealingguest.online,social engineering,0.9982
2020-11-23,operateattractivetestimony.fun,social engineering,1.0
2020-11-23,pag-updatengmessenger.xyz,social engineering,0.9961
2020-11-23,perfectwpsetup.link,social engineering,1.0
2020-11-23,persevereadventurepossessor.fun,social engineering,0.9998
2020-11-23,preparewonderfulstipend.online,social engineering,0.9939
2020-11-23,reginaldfeldmanfoundation.site,social engineering,0.8109
2020-11-23,rouseparadiseaesthete.fun,social engineering,1.0
2020-11-23,theaterrestaurantdesleutel.online,social engineering,0.9353
2020-11-23,theillustratedmanual.online,social engineering,0.8171
2020-11-23,theperfectword.site,social engineering,0.8074
2020-11-23,tradeofferstream.xyz,social engineering,0.8892
2020-11-23,upstandappealingshaver.fun,social engineering,0.9979
2020-11-23,userinfoupdata.xyz,social engineering,0.9999
2020-11-23,vaunceupstandinggrace.fun,social engineering,1.0
2020-11-23,ventilatetrustingpeace.online,social engineering,1.0
2020-11-23,wallupstandinground.online,social engineering,0.977
2020-11-23,yourbusinessserviceprovider.online,social engineering,1.0
2020-11-24,associategracefulwriter.site,social engineering,0.9998
2020-11-24,barongoostwestthuisbest.online,social engineering,0.9168
2020-11-24,betterpreparedgreat.site,social engineering,1.0
2020-11-24,electrifymeaningfulserenity.site,social engineering,0.9547
2020-11-24,graduateaffluentgreatness.site,social engineering,0.9994
2020-11-24,guffawrespectedadvantage.site,social engineering,0.9772
2020-11-24,hetperfectecadeau.online,social engineering,1.0
2020-11-24,levtestingsouthwest.online,social engineering,0.9028
2020-11-24,lifefornomenwillbegoodtodoit.xyz,social engineering,1.0
2020-11-24,livingyourfreakingpurpose.online,social engineering,0.9602
2020-11-24,perseverewellgrowing.site,social engineering,0.9944
2020-11-24,soarrespectedarchitect.site,social engineering,1.0
2020-11-24,testprodfornewdomains2.online,social engineering,0.9681
2020-11-24,texmanageupdate.site,social engineering,1.0
2020-11-24,thepowerofyourself.online,social engineering,0.9973
2020-11-24,thesecretofyourhealingpower.online,social engineering,1.0
2020-11-24,thetruthaboutwaternow.online,social engineering,0.9999
2020-11-24,webmailupdatescoming-webapp.online,social engineering,1.0
2020-11-24,whenupgradesysformacandpc.pro,social engineering,1.0
2020-11-24,yoursecretfountainofyouth.online,social engineering,1.0
2020-11-24,yoursecrethealingpower.online,social engineering,0.9929
2020-11-25,atlanticregionmazdaoffers.xyz,social engineering,0.9923
2020-11-25,digestivediseasescenterses.xyz,social engineering,1.0
2020-11-25,dulcorategracefulgrantee.fun,social engineering,1.0
2020-11-25,foodtrade4you.online,social engineering,0.9785
2020-11-25,keto-daily-update.xyz,social engineering,1.0
2020-11-25,leroystradingpost.online,social engineering,0.9975
2020-11-25,mediainformasidanedukasionline.online,social engineering,0.9948
2020-11-25,pristinecleaningservice.online,social engineering,0.978
2020-11-25,registerconsultantduediligence.site,social engineering,1.0
2020-11-25,thebigforeverforupgrades.site,social engineering,1.0
2020-11-25,vowuprightdevotional.online,social engineering,1.0
2020-11-26,alwaysallertsecurity.online,social engineering,1.0
2020-11-26,approveyourmortgagenow.online,social engineering,0.9995
2020-11-26,bestsitetogetfreebitcoinses.xyz,social engineering,0.9982
2020-11-26,bettermediaevents.site,social engineering,1.0
2020-11-26,fateupstandingsanctity.site,social engineering,1.0
2020-11-26,guerdoncelebratedbenefactor.site,social engineering,1.0
2020-11-26,integratedaircraftsystems.site,social engineering,1.0
2020-11-26,servicesupport2you.online,social engineering,0.9993
2020-11-26,toprateddecorativepillow.xyz,social engineering,0.8998
2020-11-26,transcendpoisedgallant.site,social engineering,0.8473
2020-11-26,upstandeffortlesssavory.site,social engineering,0.9974
2020-11-26,varygrowingfortunate.site,social engineering,0.9577
2020-11-26,vegetateresoundingesteem.site,social engineering,0.9999
2020-11-26,yourdomaincalculated.xyz,social engineering,0.9996
2020-11-26,yourdomaincollected.xyz,social engineering,0.9211
2020-11-26,yourdomaincomfortable.xyz,social engineering,1.0
2020-11-26,yourdomaincommitted.xyz,social engineering,0.9945
2020-11-26,yourdomaincomplete.xyz,social engineering,0.9948
2020-11-26,yourdomaincompleted.xyz,social engineering,1.0
2020-11-26,yourdomaincomprehensive.xyz,social engineering,1.0
2020-11-26,yourdomainconnected.xyz,social engineering,0.976
2020-11-26,yourdomainconsidered.xyz,social engineering,1.0
2020-11-26,yourdomainconsistent.xyz,social engineering,1.0
2020-11-26,yourdomaincontained.xyz,social engineering,1.0
2020-11-26,yourdomaincontemporary.xyz,social engineering,0.9994
2020-11-26,yourdomaincontent.xyz,social engineering,1.0
2020-11-26,yourdomaincontinued.xyz,social engineering,1.0
2020-11-26,yourdomaincontinuing.xyz,social engineering,0.9995
2020-11-26,yourdomaincontinuous.xyz,social engineering,1.0
2020-11-26,yourdomainconverted.xyz,social engineering,1.0
2020-11-26,yourdomaincorporate.xyz,social engineering,1.0
